{"additionalradios":[],"battery":{"replaceable":true,"type":"primary, 3.6V to 1.8V"},"codecs":{"as923":{"uplinkdecoder":{"examples":[{"description":"Sensor report format 0x14, no pulse/power input","input":{"bytes":[20,29,67,35,17,25,82,95,151,174,1,2],"fPort":1},"output":{"data":{"boot":17,"error":"none","lux":258,"p":978.84,"rh":67.96875,"tDewC":18.981996766825645,"tempC":25.3203125,"vBat":4.196044921875}}},{"description":"Sensor report format 0x14, with pulse/power input","input":{"bytes":[20,127,67,35,79,1,17,25,82,95,151,174,3,1,197,80,49,36,191,84,216,57],"fPort":1},"output":{"data":{"boot":17,"error":"none","lux":769,"p":978.84,"powerSourcedCount":12580,"powerSourcedPerHour":1850.09765625,"powerUsedCount":50512,"powerUsedPerHour":862.20703125,"rh":67.96875,"tDewC":18.981996766825645,"tempC":25.3203125,"vBat":4.196044921875,"vBus":4.937744140625}}}],"filename":"codec-catena-generic.js"}},"au915-928":{"uplinkdecoder":{"examples":[{"description":"Sensor report format 0x14, no pulse/power input","input":{"bytes":[20,29,67,35,17,25,82,95,151,174,1,2],"fPort":1},"output":{"data":{"boot":17,"error":"none","lux":258,"p":978.84,"rh":67.96875,"tDewC":18.981996766825645,"tempC":25.3203125,"vBat":4.196044921875}}},{"description":"Sensor report format 0x14, with pulse/power input","input":{"bytes":[20,127,67,35,79,1,17,25,82,95,151,174,3,1,197,80,49,36,191,84,216,57],"fPort":1},"output":{"data":{"boot":17,"error":"none","lux":769,"p":978.84,"powerSourcedCount":12580,"powerSourcedPerHour":1850.09765625,"powerUsedCount":50512,"powerUsedPerHour":862.20703125,"rh":67.96875,"tDewC":18.981996766825645,"tempC":25.3203125,"vBat":4.196044921875,"vBus":4.937744140625}}}],"filename":"codec-catena-generic.js"}},"eu863-870":{"uplinkdecoder":{"examples":[{"description":"Sensor report format 0x14, no pulse/power input","input":{"bytes":[20,29,67,35,17,25,82,95,151,174,1,2],"fPort":1},"output":{"data":{"boot":17,"error":"none","lux":258,"p":978.84,"rh":67.96875,"tDewC":18.981996766825645,"tempC":25.3203125,"vBat":4.196044921875}}},{"description":"Sensor report format 0x14, with pulse/power input","input":{"bytes":[20,127,67,35,79,1,17,25,82,95,151,174,3,1,197,80,49,36,191,84,216,57],"fPort":1},"output":{"data":{"boot":17,"error":"none","lux":769,"p":978.84,"powerSourcedCount":12580,"powerSourcedPerHour":1850.09765625,"powerUsedCount":50512,"powerUsedPerHour":862.20703125,"rh":67.96875,"tDewC":18.981996766825645,"tempC":25.3203125,"vBat":4.196044921875,"vBus":4.937744140625}}}],"filename":"codec-catena-generic.js"}},"in865-867":{"uplinkdecoder":{"examples":[{"description":"Sensor report format 0x14, no pulse/power input","input":{"bytes":[20,29,67,35,17,25,82,95,151,174,1,2],"fPort":1},"output":{"data":{"boot":17,"error":"none","lux":258,"p":978.84,"rh":67.96875,"tDewC":18.981996766825645,"tempC":25.3203125,"vBat":4.196044921875}}},{"description":"Sensor report format 0x14, with pulse/power input","input":{"bytes":[20,127,67,35,79,1,17,25,82,95,151,174,3,1,197,80,49,36,191,84,216,57],"fPort":1},"output":{"data":{"boot":17,"error":"none","lux":769,"p":978.84,"powerSourcedCount":12580,"powerSourcedPerHour":1850.09765625,"powerUsedCount":50512,"powerUsedPerHour":862.20703125,"rh":67.96875,"tDewC":18.981996766825645,"tempC":25.3203125,"vBat":4.196044921875,"vBus":4.937744140625}}}],"filename":"codec-catena-generic.js"}},"kr920-923":{"uplinkdecoder":{"examples":[{"description":"Sensor report format 0x14, no pulse/power input","input":{"bytes":[20,29,67,35,17,25,82,95,151,174,1,2],"fPort":1},"output":{"data":{"boot":17,"error":"none","lux":258,"p":978.84,"rh":67.96875,"tDewC":18.981996766825645,"tempC":25.3203125,"vBat":4.196044921875}}},{"description":"Sensor report format 0x14, with pulse/power input","input":{"bytes":[20,127,67,35,79,1,17,25,82,95,151,174,3,1,197,80,49,36,191,84,216,57],"fPort":1},"output":{"data":{"boot":17,"error":"none","lux":769,"p":978.84,"powerSourcedCount":12580,"powerSourcedPerHour":1850.09765625,"powerUsedCount":50512,"powerUsedPerHour":862.20703125,"rh":67.96875,"tDewC":18.981996766825645,"tempC":25.3203125,"vBat":4.196044921875,"vBus":4.937744140625}}}],"filename":"codec-catena-generic.js"}},"us902-928":{"uplinkdecoder":{"examples":[{"description":"Sensor report format 0x14, no pulse/power input","input":{"bytes":[20,29,67,35,17,25,82,95,151,174,1,2],"fPort":1},"output":{"data":{"boot":17,"error":"none","lux":258,"p":978.84,"rh":67.96875,"tDewC":18.981996766825645,"tempC":25.3203125,"vBat":4.196044921875}}},{"description":"Sensor report format 0x14, with pulse/power input","input":{"bytes":[20,127,67,35,79,1,17,25,82,95,151,174,3,1,197,80,49,36,191,84,216,57],"fPort":1},"output":{"data":{"boot":17,"error":"none","lux":769,"p":978.84,"powerSourcedCount":12580,"powerSourcedPerHour":1850.09765625,"powerUsedCount":50512,"powerUsedPerHour":862.20703125,"rh":67.96875,"tDewC":18.981996766825645,"tempC":25.3203125,"vBat":4.196044921875,"vBus":4.937744140625}}}],"filename":"codec-catena-generic.js"}}},"compliances":null,"datasheeturl":"https://cdn.shopify.com/s/files/1/0873/5104/files/Catena4801-datasheet.pdf?v=1610922117","description":"The MCCI Catena速 4801 RS-485 Node for LoRaWAN速 technology networks is a complete open-source single-board IoT device that can monitor and control remote Modbus, M-Bus and other industrial devices. It also allows connecting external sensors. Based on the Murata CMWX1ZZABZ-078, the Catena 4801 is a great platform for RS-485/Modbus based LoRaWAN investigation and deployment.","dimensions":{"diameter":0,"height":5,"length":51,"width":23},"draft":false,"firmwareversions":[{"hardwareVersions":[],"numeric":1,"profiles":{"AS923":{"codec":"codec-catena-generic","id":"catena4801-profile","lorawanCertified":false},"AU915-928":{"codec":"codec-catena-generic","id":"catena4801-profile","lorawanCertified":false},"EU863-870":{"codec":"codec-catena-generic","id":"catena4801-profile","lorawanCertified":false},"IN865-867":{"codec":"codec-catena-generic","id":"catena4801-profile","lorawanCertified":false},"KR920-923":{"codec":"codec-catena-generic","id":"catena4801-profile","lorawanCertified":false},"US902-928":{"codec":"codec-catena-generic","id":"catena4801-profile","lorawanCertified":false}},"version":"0.5.0"}],"hardwareversions":[],"ipcode":"","iscjklanguage":false,"modelid":"catena4801","name":"MCCI Catena速 4801 Modbus Node","operatingconditions":{"relativehumidity":{"max":0.9,"min":0.05},"temperature":{"max":85,"min":-20}},"outputs":[{"mediaType":"text/html","name":"HTML","path":"","baseName":"index","rel":"canonical","protocol":"","isPlainText":false,"isHTML":true,"noUgly":false,"notAlternative":false,"permalinkable":true,"weight":10},{"mediaType":"application/json","name":"JSON","path":"","baseName":"index","rel":"alternate","protocol":"","isPlainText":true,"isHTML":false,"noUgly":false,"notAlternative":false,"permalinkable":false,"weight":0}],"photos":{"main":"catena4801.png","other":["catena4801-breakout.png"]},"producturl":"https://mcci.io/catena4801","resellerurls":[],"sensors":["auxiliary","digital input","analog input","battery"],"tags":["auxiliary","digital input","analog input","battery","","AU915-928","EU863-870","IN865-867","KR920-923","US902-928","AS923"],"title":"MCCI Catena速 4801 Modbus Node","vendor":{"description":"","email":"","enddevices":["catena4430","catena4450","catena4460","catena4470","catena4610","catena4612","catena4618","catena4618m201","catena4801","catena4802","model4811","model4821","model4822","model4823","model4831","model4832","model4841"],"id":"mcci","name":"MCCI Corporation","title":"","vendorid":0,"website":"https://mcci.com"},"video":"","videos":null,"weight":0}