{"additionalradios":[],"battery":{"replaceable":true,"type":"primary, 5V to 2.2V"},"codecs":{"as923":{"uplinkdecoder":{"examples":[{"description":"Sensor report format 0x14, no pulse/power input","input":{"bytes":[20,29,67,35,17,25,82,95,151,174,1,2],"fPort":1},"output":{"data":{"boot":17,"error":"none","lux":258,"p":978.84,"rh":67.96875,"tDewC":18.981996766825645,"tempC":25.3203125,"vBat":4.196044921875}}},{"description":"Sensor report format 0x14, with pulse/power input","input":{"bytes":[20,127,67,35,79,1,17,25,82,95,151,174,3,1,197,80,49,36,191,84,216,57],"fPort":1},"output":{"data":{"boot":17,"error":"none","lux":769,"p":978.84,"powerSourcedCount":12580,"powerSourcedPerHour":1850.09765625,"powerUsedCount":50512,"powerUsedPerHour":862.20703125,"rh":67.96875,"tDewC":18.981996766825645,"tempC":25.3203125,"vBat":4.196044921875,"vBus":4.937744140625}}}],"filename":"codec-catena-generic.js"}},"au915-928":{"uplinkdecoder":{"examples":[{"description":"Sensor report format 0x14, no pulse/power input","input":{"bytes":[20,29,67,35,17,25,82,95,151,174,1,2],"fPort":1},"output":{"data":{"boot":17,"error":"none","lux":258,"p":978.84,"rh":67.96875,"tDewC":18.981996766825645,"tempC":25.3203125,"vBat":4.196044921875}}},{"description":"Sensor report format 0x14, with pulse/power input","input":{"bytes":[20,127,67,35,79,1,17,25,82,95,151,174,3,1,197,80,49,36,191,84,216,57],"fPort":1},"output":{"data":{"boot":17,"error":"none","lux":769,"p":978.84,"powerSourcedCount":12580,"powerSourcedPerHour":1850.09765625,"powerUsedCount":50512,"powerUsedPerHour":862.20703125,"rh":67.96875,"tDewC":18.981996766825645,"tempC":25.3203125,"vBat":4.196044921875,"vBus":4.937744140625}}}],"filename":"codec-catena-generic.js"}},"eu863-870":{"uplinkdecoder":{"examples":[{"description":"Sensor report format 0x14, no pulse/power input","input":{"bytes":[20,29,67,35,17,25,82,95,151,174,1,2],"fPort":1},"output":{"data":{"boot":17,"error":"none","lux":258,"p":978.84,"rh":67.96875,"tDewC":18.981996766825645,"tempC":25.3203125,"vBat":4.196044921875}}},{"description":"Sensor report format 0x14, with pulse/power input","input":{"bytes":[20,127,67,35,79,1,17,25,82,95,151,174,3,1,197,80,49,36,191,84,216,57],"fPort":1},"output":{"data":{"boot":17,"error":"none","lux":769,"p":978.84,"powerSourcedCount":12580,"powerSourcedPerHour":1850.09765625,"powerUsedCount":50512,"powerUsedPerHour":862.20703125,"rh":67.96875,"tDewC":18.981996766825645,"tempC":25.3203125,"vBat":4.196044921875,"vBus":4.937744140625}}}],"filename":"codec-catena-generic.js"}},"in865-867":{"uplinkdecoder":{"examples":[{"description":"Sensor report format 0x14, no pulse/power input","input":{"bytes":[20,29,67,35,17,25,82,95,151,174,1,2],"fPort":1},"output":{"data":{"boot":17,"error":"none","lux":258,"p":978.84,"rh":67.96875,"tDewC":18.981996766825645,"tempC":25.3203125,"vBat":4.196044921875}}},{"description":"Sensor report format 0x14, with pulse/power input","input":{"bytes":[20,127,67,35,79,1,17,25,82,95,151,174,3,1,197,80,49,36,191,84,216,57],"fPort":1},"output":{"data":{"boot":17,"error":"none","lux":769,"p":978.84,"powerSourcedCount":12580,"powerSourcedPerHour":1850.09765625,"powerUsedCount":50512,"powerUsedPerHour":862.20703125,"rh":67.96875,"tDewC":18.981996766825645,"tempC":25.3203125,"vBat":4.196044921875,"vBus":4.937744140625}}}],"filename":"codec-catena-generic.js"}},"kr920-923":{"uplinkdecoder":{"examples":[{"description":"Sensor report format 0x14, no pulse/power input","input":{"bytes":[20,29,67,35,17,25,82,95,151,174,1,2],"fPort":1},"output":{"data":{"boot":17,"error":"none","lux":258,"p":978.84,"rh":67.96875,"tDewC":18.981996766825645,"tempC":25.3203125,"vBat":4.196044921875}}},{"description":"Sensor report format 0x14, with pulse/power input","input":{"bytes":[20,127,67,35,79,1,17,25,82,95,151,174,3,1,197,80,49,36,191,84,216,57],"fPort":1},"output":{"data":{"boot":17,"error":"none","lux":769,"p":978.84,"powerSourcedCount":12580,"powerSourcedPerHour":1850.09765625,"powerUsedCount":50512,"powerUsedPerHour":862.20703125,"rh":67.96875,"tDewC":18.981996766825645,"tempC":25.3203125,"vBat":4.196044921875,"vBus":4.937744140625}}}],"filename":"codec-catena-generic.js"}},"us902-928":{"uplinkdecoder":{"examples":[{"description":"Sensor report format 0x14, no pulse/power input","input":{"bytes":[20,29,67,35,17,25,82,95,151,174,1,2],"fPort":1},"output":{"data":{"boot":17,"error":"none","lux":258,"p":978.84,"rh":67.96875,"tDewC":18.981996766825645,"tempC":25.3203125,"vBat":4.196044921875}}},{"description":"Sensor report format 0x14, with pulse/power input","input":{"bytes":[20,127,67,35,79,1,17,25,82,95,151,174,3,1,197,80,49,36,191,84,216,57],"fPort":1},"output":{"data":{"boot":17,"error":"none","lux":769,"p":978.84,"powerSourcedCount":12580,"powerSourcedPerHour":1850.09765625,"powerUsedCount":50512,"powerUsedPerHour":862.20703125,"rh":67.96875,"tDewC":18.981996766825645,"tempC":25.3203125,"vBat":4.196044921875,"vBus":4.937744140625}}}],"filename":"codec-catena-generic.js"}}},"compliances":null,"datasheeturl":"","description":"The MCCI Catena速 4802 RS-485/Sensor Node for LoRaWAN速 technology networks is a complete open-source single-board IoT device that can monitor and control remote Modbus, M-Bus, and other industrial devices, while also monitoring temperature and humidity with an integrated Sensirion SHT31 sensor. It also incorporates a QWICC connector for easy connection of external I2C devices.","dimensions":{"diameter":0,"height":5,"length":51,"width":23},"draft":false,"firmwareversions":[{"hardwareVersions":[],"numeric":1,"profiles":{"AS923":{"codec":"codec-catena-generic","id":"catena4802-profile","lorawanCertified":false},"AU915-928":{"codec":"codec-catena-generic","id":"catena4802-profile","lorawanCertified":false},"EU863-870":{"codec":"codec-catena-generic","id":"catena4802-profile","lorawanCertified":false},"IN865-867":{"codec":"codec-catena-generic","id":"catena4802-profile","lorawanCertified":false},"KR920-923":{"codec":"codec-catena-generic","id":"catena4802-profile","lorawanCertified":false},"US902-928":{"codec":"codec-catena-generic","id":"catena4802-profile","lorawanCertified":false}},"version":"0.5.0"}],"hardwareversions":[],"ipcode":"","iscjklanguage":false,"modelid":"catena4802","name":"MCCI Catena速 4802 Modbus/Sensor Node","operatingconditions":{"relativehumidity":{"max":0.95,"min":0},"temperature":{"max":85,"min":-20}},"outputs":[{"mediaType":"text/html","name":"HTML","path":"","baseName":"index","rel":"canonical","protocol":"","isPlainText":false,"isHTML":true,"noUgly":false,"notAlternative":false,"permalinkable":true,"weight":10},{"mediaType":"application/json","name":"JSON","path":"","baseName":"index","rel":"alternate","protocol":"","isPlainText":true,"isHTML":false,"noUgly":false,"notAlternative":false,"permalinkable":false,"weight":0}],"photos":{"main":"catena4802.png","other":["catena4802-terminals.jpg","catena4802-pinout.png"]},"producturl":"https://mcci.io/buy-catena4802","resellerurls":[],"sensors":["auxiliary","temperature","humidity","digital input","analog input","battery"],"tags":["auxiliary","temperature","humidity","digital input","analog input","battery","","AS923","AU915-928","EU863-870","IN865-867","KR920-923","US902-928"],"title":"MCCI Catena速 4802 Modbus/Sensor Node","vendor":{"description":"","email":"","enddevices":["catena4430","catena4450","catena4460","catena4470","catena4610","catena4612","catena4618","catena4618m201","catena4801","catena4802","model4811","model4821","model4822","model4823","model4831","model4832","model4841"],"id":"mcci","name":"MCCI Corporation","title":"","vendorid":0,"website":"https://mcci.com"},"video":"","videos":null,"weight":0}